id,strategy,seq_len,mean_plddt,ptm,pass_plddt,pass_ptm,pass_gate5,elapsed_s
A_001_IS621_full_composite_IS621_bRNA_rigid,A,402,79.925,0.6718,True,True,True,30.1
A_002_IS621_full_composite_IS621_bRNA_flexible_short,A,402,80.511,0.7369,True,True,True,30.0
A_003_IS621_full_composite_IscB_omega_rigid,A,441,83.465,0.4612,True,False,False,38.3
A_004_IS621_full_composite_IscB_omega_flexible_short,A,441,83.758,0.4944,True,False,False,38.8
A_005_IS621_full_composite_Cas12k_crRNA_rigid,A,841,69.195,0.3609,False,False,False,208.9
A_006_IS621_full_composite_Cas12k_crRNA_flexible_short,A,841,68.457,0.3515,False,False,False,208.8
A_007_IS621_RuvC_only_IS621_bRNA_rigid,A,281,87.919,0.7865,True,True,True,12.3
A_008_IS621_RuvC_only_IS621_bRNA_flexible_short,A,281,87.739,0.7827,True,True,True,12.4
A_009_IS621_RuvC_only_IscB_omega_rigid,A,320,83.131,0.6230,True,True,True,17.0
A_010_IS621_RuvC_only_IscB_omega_flexible_short,A,320,83.880,0.6331,True,True,True,16.9
A_011_IS621_RuvC_only_Cas12k_crRNA_rigid,A,720,79.792,0.6185,True,True,True,137.7
A_012_IS621_RuvC_only_Cas12k_crRNA_flexible_short,A,720,81.346,0.6384,True,True,True,137.7
A_013_Bxb1_serine_compact_IS621_bRNA_rigid,A,262,76.142,0.4834,True,False,False,10.7
A_014_Bxb1_serine_compact_IS621_bRNA_flexible_short,A,262,77.860,0.4929,True,False,False,10.7
A_015_Bxb1_serine_compact_IscB_omega_rigid,A,301,84.933,0.6336,True,True,True,14.7
A_016_Bxb1_serine_compact_IscB_omega_flexible_short,A,301,86.816,0.6438,True,True,True,14.7
A_017_Bxb1_serine_compact_Cas12k_crRNA_rigid,A,701,83.300,0.6848,True,True,True,129.7
A_018_Bxb1_serine_compact_Cas12k_crRNA_flexible_short,A,701,83.363,0.6821,True,True,True,129.7
A_019_Lambda_Int_tyrosine_IS621_bRNA_rigid,A,315,74.789,0.4352,True,False,False,16.2
A_020_Lambda_Int_tyrosine_IS621_bRNA_flexible_short,A,315,75.199,0.4432,True,False,False,16.2
A_021_Lambda_Int_tyrosine_IscB_omega_rigid,A,354,83.160,0.5749,True,True,True,21.5
A_022_Lambda_Int_tyrosine_IscB_omega_flexible_short,A,354,82.987,0.5686,True,True,True,21.5
A_023_Lambda_Int_tyrosine_Cas12k_crRNA_rigid,A,754,80.729,0.6516,True,True,True,154.8
A_024_Lambda_Int_tyrosine_Cas12k_crRNA_flexible_short,A,754,80.184,0.6541,True,True,True,154.8
A_025_phiC31_serine_IS621_bRNA_rigid,A,311,80.597,0.5097,True,True,True,15.8
A_026_phiC31_serine_IS621_bRNA_flexible_short,A,311,79.572,0.4911,True,False,False,15.8
A_027_phiC31_serine_IscB_omega_rigid,A,350,86.987,0.5822,True,True,True,21.0
A_028_phiC31_serine_IscB_omega_flexible_short,A,350,86.034,0.5966,True,True,True,20.9
A_029_phiC31_serine_Cas12k_crRNA_rigid,A,750,83.544,0.6698,True,True,True,152.6
A_030_phiC31_serine_Cas12k_crRNA_flexible_short,A,750,82.592,0.6544,True,True,True,152.6
A0A4U1BVS5,B,334,92.189,0.9332,True,True,True,18.7
A0A6M8HXM2,B,357,91.134,0.8679,True,True,True,22.0
A0A6N7VZ96,B,393,92.469,0.9275,True,True,True,29.1
A0A644X0W5,B,337,92.980,0.9009,True,True,True,19.2
A0A662Z9Z7,B,370,88.251,0.8972,True,True,True,23.9
A0A657LP93,B,358,92.380,0.9062,True,True,True,22.1
A0A6N6NMQ6,B,371,93.116,0.9451,True,True,True,24.1
A0A6P1MC60,B,320,94.508,0.9463,True,True,True,16.8
A0A6P1M1P6,B,351,91.649,0.9428,True,True,True,21.1
A0A6P1E3T9,B,382,93.474,0.9440,True,True,True,25.7
A0A5C5YWU1,B,398,88.223,0.9008,True,True,True,29.8
A0A6N2QTV2,B,357,93.216,0.9344,True,True,True,22.0
A0A6N1VFY2,B,329,92.507,0.9076,True,True,True,18.1
A0A6N7XK73,B,400,93.413,0.9255,True,True,True,30.3
A0A6S7BQC3,B,309,92.653,0.8933,True,True,True,15.6
A0A5B8J612,B,339,95.118,0.9482,True,True,True,19.5
A0A5M7B5L4,B,330,93.435,0.9245,True,True,True,18.1
A0A5M7AS25,B,326,93.945,0.9174,True,True,True,17.7
A0A5M6IL49,B,342,94.205,0.9472,True,True,True,19.8
A0A5M0EPA9,B,376,94.725,0.9503,True,True,True,24.7
A0A5K7SFB7,B,359,92.005,0.9364,True,True,True,22.2
A0A6N7XNI5,B,382,93.139,0.9367,True,True,True,25.8
A0A5B9EDG0,B,350,91.507,0.9334,True,True,True,20.9
A0A5C8NC73,B,381,90.421,0.8525,True,True,True,25.6
A0A5B9QER1,B,307,90.491,0.9081,True,True,True,15.3
A0A5C7SE46,B,340,93.647,0.9447,True,True,True,19.5
A0A5C7GHA1,B,330,92.947,0.9217,True,True,True,18.1
A0A5C6XPK3,B,323,93.244,0.8979,True,True,True,17.2
A0A5C6UQI6,B,317,94.964,0.9304,True,True,True,16.4
A0A5C6FMQ1,B,393,85.990,0.8414,True,True,True,29.0
A0A5C6AAS5,B,265,94.973,0.9252,True,True,True,10.9
A0A5C6A3X1,B,340,94.115,0.9526,True,True,True,19.5
A0A5C7T687,B,340,94.933,0.9501,True,True,True,19.5
A0A5B8SVV0,B,341,94.734,0.9385,True,True,True,19.7
A0A5B8VNE5,B,371,93.363,0.9247,True,True,True,24.1
A0A5B8YM59,B,321,93.489,0.9117,True,True,True,16.9
A0A5C5B8E4,B,355,92.058,0.9063,True,True,True,21.7
A0A5C5B7A9,B,355,91.895,0.8788,True,True,True,21.7
A0A5C5B783,B,364,89.334,0.8788,True,True,True,23.0
A0A5C4N258,B,342,93.114,0.9272,True,True,True,19.8
A0A5C4MGK3,B,312,95.078,0.9349,True,True,True,15.7
A0A5C1QB48,B,368,88.582,0.8865,True,True,True,23.5
A0A5C1PZJ7,B,338,94.385,0.9408,True,True,True,19.3
A0A5B9QTQ9,B,366,92.920,0.9307,True,True,True,23.3
A0A5J6MXE9,B,319,92.726,0.9033,True,True,True,16.6
A0A5J6MUD0,B,307,95.108,0.9308,True,True,True,15.3
A0A5J6LC59,B,340,95.051,0.9462,True,True,True,19.5
A0A5J5IBE9,B,337,93.320,0.9264,True,True,True,19.1
A0A518N347,B,309,94.935,0.9318,True,True,True,15.6
A0A518H1W3,B,351,90.421,0.9297,True,True,True,21.1
A0A518GBJ9,B,366,93.108,0.9227,True,True,True,23.3
A0A510JZC3,B,372,91.945,0.9338,True,True,True,24.1
A0A4V6F162,B,350,92.315,0.8980,True,True,True,20.9
A0A4V2UVL1,B,308,93.063,0.9330,True,True,True,15.2
A0A4V2SSG2,B,356,91.957,0.9080,True,True,True,21.8
A0A4V6IN38,B,287,94.553,0.9195,True,True,True,13.0
A0A542E2F8,B,380,89.788,0.8660,True,True,True,25.4
A0A511VCY5,B,320,91.477,0.9269,True,True,True,16.8
A0A510KHJ9,B,390,93.920,0.9413,True,True,True,28.4
A0A510K3H9,B,392,94.703,0.9371,True,True,True,28.7
A0A517XWG3,B,354,93.171,0.9440,True,True,True,21.5
A0A518C093,B,324,87.697,0.9174,True,True,True,17.4
A0A510HKH9,B,323,93.797,0.9208,True,True,True,17.2
A0A543CKK7,B,397,93.469,0.9317,True,True,True,29.6
A0A542Y3V1,B,352,92.769,0.8825,True,True,True,21.1
A0A542EHR1,B,397,94.136,0.9044,True,True,True,29.6
A0A4V1RPY4,B,337,94.609,0.9321,True,True,True,19.1
A0A521FPP8,B,313,92.260,0.9067,True,True,True,16.0
A0A5S9PGF1,B,348,93.215,0.9360,True,True,True,20.7
A0A5R8QEL8,B,316,92.581,0.9225,True,True,True,16.4
A0A560IC78,B,344,94.231,0.9499,True,True,True,20.0
A0A7Z0I2R9,B,342,93.448,0.9264,True,True,True,19.8
A0A7Z0CJ62,B,356,91.684,0.8889,True,True,True,21.8
A0A5A9ZCW8,B,373,86.302,0.8346,True,True,True,24.3
A0A563E8A8,B,392,89.189,0.8308,True,True,True,28.7
A0A562QXU9,B,349,92.172,0.9360,True,True,True,20.8
A0A562ISB7,B,398,93.071,0.8961,True,True,True,29.8
A0A5R8Q8S6,B,388,94.491,0.9405,True,True,True,28.2
A0A5P8E939,B,342,92.990,0.9255,True,True,True,19.8
A0A558QR20,B,312,90.209,0.8714,True,True,True,15.7
A0A5P1RAX8,B,335,89.644,0.9242,True,True,True,18.8
A0A557SBA6,B,322,94.559,0.9330,True,True,True,17.2
A0A547PN76,B,337,94.018,0.8975,True,True,True,19.1
A0A543LMB5,B,349,93.879,0.9419,True,True,True,20.8
A0A5B8G0D6,B,348,92.950,0.9348,True,True,True,20.7
A0A561E4F7,B,324,90.871,0.9220,True,True,True,17.4
A0A5P6VTV5,B,400,93.095,0.9222,True,True,True,30.3
A0A5D4SEM2,B,371,94.411,0.9481,True,True,True,24.1
A0A5S9PH29,B,394,94.114,0.9381,True,True,True,29.1
A0A5C5G791,B,342,93.965,0.9505,True,True,True,19.9
A0A5D0QKW7,B,276,93.369,0.9179,True,True,True,11.8
A0A0F7JVI0,B,338,94.359,0.9426,True,True,True,19.3
A0A840C5U1,B,320,93.981,0.9275,True,True,True,16.8
A0A8A4ZH07,B,358,91.375,0.8596,True,True,True,22.1
A0A841Q2R0,B,348,92.470,0.9262,True,True,True,20.7
A0A7G9QYM9,B,347,92.687,0.9227,True,True,True,20.5
A0A7G9LQI2,B,346,93.497,0.9258,True,True,True,20.4
A0A7G6U8B7,B,344,93.446,0.9115,True,True,True,20.0
A0A7G6TUP9,B,350,91.603,0.9200,True,True,True,20.9
A0A841KF21,B,317,88.506,0.9061,True,True,True,16.4
A0A841EXE0,B,362,92.543,0.8992,True,True,True,22.7
A0A841EJN7,B,392,87.575,0.9054,True,True,True,28.7
A0A840X9H3,B,360,94.852,0.9465,True,True,True,22.3
A0A844AY27,B,338,94.315,0.9427,True,True,True,19.3
A0A8B2NGK9,B,351,94.132,0.9435,True,True,True,21.1
A0A7W8WXS1,B,398,93.955,0.9225,True,True,True,29.8
A0A7W8IJM0,B,271,78.236,0.7904,True,True,True,11.5
A0A7X5YB58,B,330,93.790,0.9168,True,True,True,18.1
A0A7W9NE79,B,399,94.088,0.9249,True,True,True,30.0
A0A7W9GV22,B,350,90.303,0.8880,True,True,True,20.9
A0A7X3MES5,B,376,93.757,0.9508,True,True,True,24.6
A0A7X2TQI5,B,387,91.667,0.9254,True,True,True,28.0
A0A839IV15,B,336,94.829,0.9490,True,True,True,19.0
A0A857C5Z7,B,323,93.763,0.9099,True,True,True,17.2
A0A5C5VA96,B,342,92.356,0.9145,True,True,True,19.8
A0A892ZLM5,B,323,93.949,0.9252,True,True,True,17.2
A0A8J8FNF5,B,331,92.420,0.8732,True,True,True,18.4
A0A8X6PWP4,B,322,94.636,0.9278,True,True,True,17.2
A0A917PXW5,B,352,91.312,0.8847,True,True,True,21.1
A0A8I1W9P1,B,318,95.571,0.9389,True,True,True,16.7
A0A967F3R0,B,323,94.854,0.9375,True,True,True,17.2
A0A964T0P9,B,348,92.934,0.9360,True,True,True,20.7
A0A939DKL3,B,324,93.779,0.9211,True,True,True,17.4
A0A970B8B4,B,284,92.151,0.8913,True,True,True,12.8
A0A8J3AGN2,B,400,93.592,0.9261,True,True,True,30.2
A0A8J6UQ31,B,340,95.016,0.9436,True,True,True,19.5
A0A8J6J1U4,B,344,95.008,0.9412,True,True,True,20.0
A0A8J3LP44,B,387,89.415,0.8637,True,True,True,28.0
A0A8J3H8B0,B,342,93.579,0.9485,True,True,True,19.8
A0A8J3GF36,B,357,92.382,0.9128,True,True,True,22.0
A0A8J3ESD2,B,338,94.151,0.9241,True,True,True,19.3
A0A8J3ECY3,B,393,93.654,0.9333,True,True,True,29.0
A0A4V1G521,B,391,94.071,0.9123,True,True,True,28.6
A0ABY4H6A3,B,399,93.712,0.9268,True,True,True,30.0
A0A895YFX7,B,400,93.967,0.9072,True,True,True,30.3
A0A846LUS6,B,383,86.806,0.8411,True,True,True,25.9
A0A845QPL5,B,387,94.875,0.9239,True,True,True,28.0
A0A845QKP0,B,334,94.747,0.9143,True,True,True,18.7
A0A845M4W2,B,346,92.478,0.9388,True,True,True,20.4
A0A543KM26,B,392,86.951,0.8237,True,True,True,28.7
A0A7V9VXT5,B,325,94.585,0.9421,True,True,True,17.5
A0A7V5XGG1,B,327,90.713,0.8997,True,True,True,17.8
A0A7U9XV83,B,388,94.549,0.9268,True,True,True,28.2
A0A7W3NGY8,B,391,85.359,0.7529,True,True,True,28.6
A0A7J4TJ20,B,347,92.243,0.9394,True,True,True,20.5
A0A7C9PKW3,B,364,91.837,0.9133,True,True,True,22.9
A0A7C9N8L6,B,338,93.556,0.9380,True,True,True,19.3
A0A7C3Z9R6,B,275,94.927,0.9300,True,True,True,11.7
A0A7C3GCL1,B,312,94.563,0.9240,True,True,True,15.7
A0A7K0KJR2,B,332,93.537,0.9356,True,True,True,18.4
A0A7W3MSR8,B,357,90.473,0.8652,True,True,True,22.0
A0A6L5GH51,B,355,91.100,0.8889,True,True,True,21.7
A0A6M8HRW0,B,369,94.832,0.9523,True,True,True,23.8
A0A6I8MDV1,B,390,93.522,0.9407,True,True,True,28.4
A0A6I4UEQ6,B,349,92.806,0.9402,True,True,True,20.8
A0A6I3SBE8,B,351,93.429,0.9352,True,True,True,21.1
A0A6I3IYP0,B,351,89.887,0.8396,True,True,True,21.1
A0A5C5U2D3,B,221,90.506,0.8809,True,True,True,6.8
A0A7T4QZ57,B,327,94.993,0.9467,True,True,True,17.8
A0A7U3ZN59,B,336,92.540,0.9335,True,True,True,18.9
A0A379D8Z9,B,382,92.428,0.9253,True,True,True,25.7
A0A7M1B0Q7,B,398,94.457,0.9241,True,True,True,29.8
A0A845M4E0,B,370,94.162,0.9471,True,True,True,23.9
A0A855MQZ2,B,317,91.560,0.9064,True,True,True,16.4
A0A857C3G6,B,311,94.532,0.9291,True,True,True,15.7
A0A848ASB8,B,351,92.612,0.9296,True,True,True,21.1
A0A848B7X1,B,332,93.730,0.9260,True,True,True,18.4
A0A848MKH2,B,348,93.154,0.9388,True,True,True,20.7
A0A7M2WSL5,B,330,93.195,0.9104,True,True,True,18.1
A0A7M2WSB0,B,368,89.700,0.9125,True,True,True,23.5
A0A7L5BY07,B,337,94.309,0.9403,True,True,True,19.1
A0A7S9NFT6,B,318,93.534,0.9152,True,True,True,16.7
A0A7K1YFH8,B,335,93.604,0.9216,True,True,True,18.8
A0A7M4DBW2,B,345,92.899,0.9144,True,True,True,20.3
A0A7W7B6L7,B,362,92.995,0.9142,True,True,True,22.7
A0A7W6I0C1,B,332,93.339,0.9160,True,True,True,18.3
A0A7W6DTB9,B,350,92.474,0.9028,True,True,True,20.9
A0A7W4US01,B,400,90.937,0.8696,True,True,True,30.2
A0A7S9DV91,B,350,91.088,0.8993,True,True,True,20.9
A0A7S7NWS8,B,356,93.355,0.9254,True,True,True,21.8
A0A4Y9ILQ0,B,336,93.437,0.9167,True,True,True,19.0
A0A4Y9ADV5,B,399,94.007,0.9343,True,True,True,30.0
A0A4Y6PVX3,B,359,92.148,0.9204,True,True,True,22.2
A0A345Y8H3,B,332,93.552,0.9387,True,True,True,18.3
A0A3G9JVN9,B,394,93.902,0.9369,True,True,True,29.1
A0A3N0I717,B,370,94.875,0.9524,True,True,True,23.9
A0A3N0DR64,B,351,90.966,0.9085,True,True,True,21.0
A0A368XDX9,B,331,93.514,0.9113,True,True,True,18.4
A0A369MR58,B,350,92.426,0.9094,True,True,True,20.9
A0A374PB66,B,395,92.660,0.9144,True,True,True,29.3
A0A374PB01,B,357,88.296,0.8777,True,True,True,22.0
A0A370F516,B,326,93.178,0.9000,True,True,True,17.7
A0A369TJU9,B,343,94.079,0.9493,True,True,True,19.9
A0A369Q781,B,256,94.167,0.9139,True,True,True,9.5
A0A2T5ZV47,B,347,92.708,0.8859,True,True,True,20.5
A0A2T7FSN7,B,371,93.390,0.9477,True,True,True,24.0
A0A2V3UNY4,B,341,93.809,0.9403,True,True,True,19.7
A0A2U9IB55,B,383,87.252,0.8878,True,True,True,25.9
A0A2V3TSN6,B,370,93.267,0.9478,True,True,True,23.9
A0A318RCQ0,B,382,94.015,0.9126,True,True,True,25.7
A0A327KXT0,B,348,93.929,0.9432,True,True,True,20.7
A0A345NPI7,B,392,88.301,0.8358,True,True,True,28.7
A0A345NKI1,B,363,94.613,0.9454,True,True,True,22.8
A0A3E3DVK5,B,391,93.448,0.9239,True,True,True,28.6
A0A345Y9R2,B,339,93.943,0.9408,True,True,True,19.5
A0A4Y4D2Q2,B,347,94.149,0.9430,True,True,True,20.5
A0A346PQF8,B,346,94.587,0.9378,True,True,True,20.3
A0A345UFT9,B,368,91.104,0.9007,True,True,True,23.5
A0A2S0N622,B,372,94.825,0.9522,True,True,True,24.1
A0A2S0N038,B,347,94.544,0.9450,True,True,True,20.5
A0A2S0MYY1,B,347,94.573,0.9448,True,True,True,20.5
A0A2S9GS81,B,348,94.177,0.9350,True,True,True,20.7
A0A2S0N4K1,B,339,93.986,0.9304,True,True,True,19.5
A0A3A9AAU6,B,327,90.598,0.8962,True,True,True,17.8
A0A345UGY7,B,354,93.178,0.9323,True,True,True,21.5
A0A3N1H3X8,B,371,86.823,0.8245,True,True,True,24.0
A0A2S8F2Y9,B,351,92.511,0.9258,True,True,True,21.0
A0A3N0AS53,B,392,92.326,0.9058,True,True,True,28.7
A0A368TNL0,B,325,94.713,0.9410,True,True,True,17.5
A0A368HBC2,B,345,94.401,0.9484,True,True,True,20.3
A0A366JID5,B,400,93.264,0.9188,True,True,True,30.2
A0A366DD49,B,277,91.850,0.9079,True,True,True,12.0
A0A346XUL8,B,398,88.000,0.8317,True,True,True,29.7
A0A366LUE2,B,397,92.410,0.9301,True,True,True,29.6
A0A380TP20,B,321,93.694,0.9137,True,True,True,16.9
A0A380TB36,B,337,93.738,0.9327,True,True,True,19.1
A0A330LPF2,B,344,94.380,0.9408,True,True,True,19.9
A0A330LLT0,B,330,89.763,0.8952,True,True,True,18.1
A0A327WZE9,B,343,94.227,0.9450,True,True,True,19.9
A0A327WL21,B,347,93.409,0.9407,True,True,True,20.5
A0A316C1H9,B,379,83.943,0.7916,True,True,True,25.3
A0A2Z6EV94,B,341,94.352,0.9373,True,True,True,19.7
A0A2Z5QW41,B,318,87.113,0.8864,True,True,True,16.7
A0A2Z5GBV9,B,343,93.256,0.9412,True,True,True,19.9
A0A2P8R0S2,B,282,90.801,0.8750,True,True,True,12.4
A0A2P8F7A0,B,350,92.480,0.9013,True,True,True,20.9
A0A2P8CFJ2,B,324,93.591,0.9177,True,True,True,17.4
A0A2P5TPU7,B,348,93.322,0.9118,True,True,True,20.7
A0A2P5GN80,B,340,95.010,0.9395,True,True,True,19.5
A0A2P5GGU1,B,334,94.069,0.9342,True,True,True,18.7
A0A2P2CD09,B,359,93.972,0.9440,True,True,True,22.2
A0A2N9XQN2,B,311,95.691,0.9353,True,True,True,15.7
A0A2T6A2Q0,B,311,94.448,0.9242,True,True,True,15.7
A0A7W6P491,B,344,91.527,0.9064,True,True,True,20.0
A0A2A2JWA1,B,266,91.958,0.9107,True,True,True,10.9
A0A1Y0D3M8,B,297,91.427,0.9021,True,True,True,14.0
A0A1M4XP65,B,399,89.812,0.8971,True,True,True,30.0
A0A1M4WWW7,B,332,92.424,0.9068,True,True,True,18.4
A0A286DGT7,B,360,93.009,0.9309,True,True,True,22.3
A0A316F7I4,B,338,94.590,0.9383,True,True,True,19.3
A0A316JLV2,B,359,91.686,0.8987,True,True,True,22.2
A0A2R4XH08,B,343,93.484,0.9403,True,True,True,19.9
A0A2U0THY1,B,341,91.577,0.9278,True,True,True,19.7
A0A2W2ID84,B,240,74.290,0.5725,True,True,True,8.2
A0A4R5EH75,B,314,93.314,0.9344,True,True,True,16.2
A0A4R4F8E5,B,400,92.484,0.9172,True,True,True,30.2
A0A4R4AB50,B,269,93.724,0.9374,True,True,True,11.2
A0A4R3XTV9,B,314,94.489,0.9158,True,True,True,16.2
A0A4R3VGK0,B,318,94.764,0.9227,True,True,True,16.7
A0A2W4J809,B,381,89.399,0.8719,True,True,True,25.6
A0A2U2DJI8,B,344,94.249,0.9481,True,True,True,20.0
A0A2Y8ZSN0,B,395,88.512,0.8485,True,True,True,29.3
A0A2R8C271,B,346,92.381,0.9345,True,True,True,20.3
A0A2W7NPM4,B,339,93.861,0.9370,True,True,True,19.5
A0A2N5Y4G6,B,347,93.696,0.9451,True,True,True,20.5
A0A2N4UKD9,B,344,94.815,0.9471,True,True,True,19.9
A0A2N6QQY8,B,349,92.326,0.9243,True,True,True,20.8
A0A2T4HUY8,B,346,93.782,0.9435,True,True,True,20.3
A0A2T1A6Q4,B,358,91.627,0.8714,True,True,True,22.1
A0A2T0T4A9,B,350,93.239,0.9172,True,True,True,20.9
A0A2S9T8F5,B,336,93.108,0.9099,True,True,True,19.0
A0A3D6BUC8,B,342,81.709,0.8358,True,True,True,19.8
A0A3D9BIX0,B,342,92.503,0.9194,True,True,True,19.8
A0A3A1YQP4,B,359,91.706,0.9044,True,True,True,22.2
A0A418NMK0,B,344,93.253,0.9354,True,True,True,20.0
A0A4S3TIU3,B,332,95.277,0.9522,True,True,True,18.4
A0A4S3KEV8,B,294,93.506,0.9317,True,True,True,13.7
A0A4S2E7E9,B,351,94.685,0.9388,True,True,True,21.0
A0A4R7J9L5,B,382,87.935,0.7403,True,True,True,25.7
A0A4R7ATZ2,B,320,94.633,0.9189,True,True,True,16.8
A0A4R6RQS2,B,353,90.114,0.8470,True,True,True,21.4
A0A4Q2EIX8,B,400,93.874,0.9288,True,True,True,30.3
A0A517YAH7,B,340,94.202,0.9354,True,True,True,19.4
A0A514LHE2,B,373,94.750,0.9548,True,True,True,24.3
A0A512HKJ6,B,355,94.052,0.9312,True,True,True,21.6
A0A512E407,B,342,94.409,0.9485,True,True,True,19.8
A0A4Q1S8A2,B,344,93.793,0.9457,True,True,True,19.9
A0A4Q9KHI6,B,399,90.041,0.8435,True,True,True,30.0
A0A4R2DZ87,B,382,90.582,0.8553,True,True,True,25.7
A0A4R2DZ28,B,339,94.582,0.9356,True,True,True,19.5
A0A4R1QMN3,B,370,94.996,0.9478,True,True,True,23.9
A0A4R1QJ62,B,391,94.055,0.9178,True,True,True,28.6
A0A4R1LXP6,B,341,91.289,0.8813,True,True,True,19.7
A0A4R1KUJ0,B,354,86.063,0.9028,True,True,True,21.5
A0A4U1CTT4,B,318,93.532,0.9173,True,True,True,16.7
A0A4U1JKV6,B,343,93.760,0.9481,True,True,True,19.9
A0A4U1JLG5,B,342,93.219,0.9019,True,True,True,19.8
A0A4R2KG17,B,328,88.291,0.8994,True,True,True,17.8
A0A4Y9K9R0,B,323,88.677,0.8889,True,True,True,17.2
A0A4Q0Y9B7,B,323,93.719,0.8797,True,True,True,17.2
A0A401JHI2,B,307,92.914,0.9321,True,True,True,15.3
A0A4V1E195,B,323,93.215,0.9393,True,True,True,17.2
A0A4U3KNZ4,B,347,89.383,0.9063,True,True,True,20.5
A0A501W038,B,259,91.652,0.8865,True,True,True,10.5
A0A501PH62,B,380,91.398,0.9003,True,True,True,25.3
A0A4V1KRQ6,B,334,93.444,0.9220,True,True,True,18.7
A0A4Q7WKS4,B,333,92.320,0.8860,True,True,True,18.6
A0A4R5Q6I7,B,335,93.465,0.9480,True,True,True,18.8
A0A4Q7TUI0,B,356,91.346,0.8878,True,True,True,21.8
A0A4Q7LBQ9,B,371,92.258,0.9083,True,True,True,24.0
A0A4Q5LWD8,B,341,95.292,0.9376,True,True,True,19.7
A0A4Q5LQT8,B,323,92.402,0.8840,True,True,True,17.2
A0A4Q5KHZ8,B,303,88.178,0.8704,True,True,True,14.7
A0A4Q7P836,B,361,93.092,0.9290,True,True,True,22.6
A0A4R6FTX4,B,373,89.361,0.9131,True,True,True,24.3
A0A4R2PQY9,B,307,94.793,0.9282,True,True,True,15.3
A0A4R1BDB6,B,285,93.664,0.9102,True,True,True,12.7
A0A428XNH6,B,344,93.381,0.9449,True,True,True,19.9
A0A3L8PZR7,B,384,93.522,0.9470,True,True,True,25.8
A0A423UGU5,B,392,92.005,0.9065,True,True,True,28.6
A0A3Q9FVS2,B,339,93.271,0.9285,True,True,True,19.5
A0A418NDH2,B,324,93.264,0.9399,True,True,True,17.4
A0A4P6P1J8,B,347,92.506,0.9441,True,True,True,20.5
A0A4P6EL81,B,356,92.780,0.8942,True,True,True,21.8
A0A4D7BLY7,B,326,93.942,0.9307,True,True,True,17.7
A0A4D4JF86,B,345,92.246,0.9408,True,True,True,20.3
A0A3S6QYM0,B,400,92.628,0.9262,True,True,True,30.2
A0A3S4IIX9,B,356,91.778,0.8959,True,True,True,21.8
A0A3S3V689,B,347,93.056,0.8919,True,True,True,20.5
A0A3S2WYQ2,B,318,91.738,0.8891,True,True,True,16.7
A0A3R9PW33,B,366,93.516,0.9118,True,True,True,23.2
A0A3R9M8X5,B,321,93.075,0.8933,True,True,True,16.9
A0A4R3JU58,B,371,93.237,0.9439,True,True,True,24.0
A0A395WB40,B,394,93.217,0.9325,True,True,True,29.1
A0A3E0IWM8,B,396,95.056,0.9439,True,True,True,29.4
A0A3D9URK0,B,398,94.013,0.9034,True,True,True,29.7
A0A398CFS2,B,365,92.539,0.9271,True,True,True,23.1
A0A3M9MGI1,B,321,93.192,0.9169,True,True,True,16.9
A0A3M7PSF4,B,343,92.592,0.9320,True,True,True,19.9
A0A3Q8WVA3,B,357,91.466,0.8988,True,True,True,22.0
A0A3N2RIU1,B,308,93.376,0.8985,True,True,True,15.2
A0A415MDI3,B,365,92.610,0.9272,True,True,True,23.1
A0A498R9G6,B,384,92.228,0.9269,True,True,True,25.8
A0A4P7W403,B,356,94.044,0.9435,True,True,True,21.8
A0A4P6P211,B,347,91.058,0.9357,True,True,True,20.5
A0A4P9VR23,B,339,94.479,0.9202,True,True,True,19.5
A0A4P8Y031,B,285,86.851,0.6634,True,True,True,12.8
A0A4P8IGJ5,B,341,94.257,0.9242,True,True,True,19.7
A0A432Z0G4,B,337,95.265,0.9392,True,True,True,19.1
A0A432MBQ8,B,328,94.665,0.9461,True,True,True,17.8
B6W6M9,B,400,90.714,0.8945,True,True,True,30.2
A0A421DLB0,B,341,94.091,0.9443,True,True,True,19.7
A0A3S9MX37,B,327,93.674,0.9222,True,True,True,17.7
A0A420E993,B,338,94.805,0.9484,True,True,True,19.2
A0A419S3Q4,B,346,92.992,0.9245,True,True,True,20.3
A0A419R570,B,344,92.816,0.9093,True,True,True,19.9
A0A3S8ZWM1,B,327,95.292,0.9405,True,True,True,17.7
A0A3Q9BMM1,B,393,94.338,0.9482,True,True,True,29.0
A0A3P7NYS5,B,219,92.856,0.9267,True,True,True,6.6
A0A3P3CYG0,B,347,93.227,0.8885,True,True,True,20.5
A0A3S9PZW4,B,399,94.019,0.9102,True,True,True,30.0
A0A8J8KDV0,B,379,92.954,0.9495,True,True,True,25.3
A0A8J8M7T6,B,390,94.067,0.9258,True,True,True,28.4
A0A8J8MFF6,B,308,92.856,0.9116,True,True,True,15.2
A0ABW1EC86,B,361,91.128,0.9026,True,True,True,22.6
A0ABV8U818,B,337,93.697,0.9235,True,True,True,19.1
A0ABV6NL49,B,376,91.502,0.9188,True,True,True,24.6
A0ABV6KRK0,B,377,94.168,0.9528,True,True,True,25.0
A0ABV1J3Y8,B,389,94.026,0.9482,True,True,True,28.3
A0ABV0AGC0,B,357,91.192,0.8705,True,True,True,22.0
A0ABV6ZWS2,B,310,94.950,0.9386,True,True,True,15.5
A0ABV4U044,B,339,95.359,0.9550,True,True,True,19.4
A0ABV6DCX8,B,392,93.786,0.9342,True,True,True,28.6
A0ABV7TTJ1,B,320,93.274,0.9144,True,True,True,16.8
A0ABV7MD88,B,351,89.396,0.9109,True,True,True,21.0
A0ABV7KT53,B,328,92.225,0.8906,True,True,True,17.8
A0ABV7ZZG7,B,331,93.229,0.9383,True,True,True,18.4
A0ABV8BI46,B,331,93.229,0.9383,True,True,True,18.4
A0ABW3QM96,B,335,92.075,0.9333,True,True,True,18.8
A0ABW3LQF6,B,371,95.307,0.9546,True,True,True,24.0
A0ABW3IZA8,B,288,94.754,0.9475,True,True,True,13.2
A0ABW2UR70,B,343,93.006,0.9306,True,True,True,19.9
A0ABT8RI18,B,331,94.282,0.9350,True,True,True,18.4
A0ABV4D4U6,B,400,94.495,0.9506,True,True,True,30.2
A0ABW0R9X2,B,290,94.397,0.9353,True,True,True,13.2
A0ABW1S9F0,B,342,95.025,0.9530,True,True,True,19.8
A0ABT0YW75,B,295,93.981,0.9358,True,True,True,14.0
A0ABW1SCX8,B,313,95.207,0.9289,True,True,True,15.9
A0ABY0KB21,B,340,92.813,0.9141,True,True,True,19.4
A0A0D6P4M1,B,347,93.135,0.9350,True,True,True,20.5
A0ABW3ZD09,B,368,87.692,0.8192,True,True,True,23.5
A0ABV9Q828,B,349,92.399,0.9289,True,True,True,20.8
A0ABV9LYD4,B,349,90.118,0.9318,True,True,True,20.8
A0ABV9K847,B,325,93.552,0.9209,True,True,True,17.5
A0ABV9H3K2,B,346,93.482,0.9361,True,True,True,20.3
A0ABV9H2B8,B,312,93.332,0.9180,True,True,True,15.7
A0ABV9QCH6,B,349,93.296,0.9323,True,True,True,20.8
A0ABW5E6V3,B,318,92.511,0.9209,True,True,True,16.7
A0ABW5DAW8,B,337,91.610,0.9213,True,True,True,19.1
A0ABW5C6E5,B,312,95.556,0.9225,True,True,True,15.7
A0ABW4S918,B,346,93.482,0.9361,True,True,True,20.3
A0ABW4MU28,B,374,95.101,0.9533,True,True,True,24.5
A0ABV8V9Y3,B,241,93.932,0.9240,True,True,True,8.3
A0ABV8TSC5,B,354,91.402,0.8711,True,True,True,21.4
A0ABT9GZ17,B,347,93.896,0.9449,True,True,True,20.5
A0ABW0KXN8,B,311,95.511,0.9474,True,True,True,15.7
A0ABW0IBU9,B,335,93.625,0.9363,True,True,True,18.8
A0ABV4ACB9,B,255,94.430,0.9209,True,True,True,9.5
A0ABV3WUX5,B,341,93.877,0.9455,True,True,True,19.6
A0ABT8RFW4,B,392,87.493,0.8533,True,True,True,28.6
A0ABU4S2Q4,B,365,89.187,0.8790,True,True,True,23.1
A0ABU1BK56,B,343,94.557,0.9520,True,True,True,19.9
A0ABU1ANS2,B,362,91.822,0.8905,True,True,True,22.7
A0ABU1ANK0,B,357,92.034,0.9218,True,True,True,22.0
A0ABU0YXS9,B,323,95.490,0.9367,True,True,True,17.2
A0ABU7JKC3,B,305,93.369,0.9272,True,True,True,15.0
A0ABU7J8G2,B,384,92.277,0.9346,True,True,True,25.8
A0ABU6MN61,B,397,94.403,0.9430,True,True,True,29.6
A0ABT5YTL3,B,312,94.379,0.9224,True,True,True,15.7
A0ABT6CAC9,B,353,89.742,0.8765,True,True,True,21.4
A0ABT5R836,B,344,94.069,0.9315,True,True,True,19.9
A0ABT8A041,B,386,91.276,0.8958,True,True,True,27.8
A0ABT7XSZ0,B,339,92.907,0.9419,True,True,True,19.4
A0ABT7V4Q6,B,363,88.525,0.8653,True,True,True,22.8
A0ABT7CIW1,B,393,85.605,0.8089,True,True,True,28.9
A0ABT6ZJG3,B,398,93.397,0.9290,True,True,True,29.7
A0ABT6NHS5,B,385,94.616,0.9379,True,True,True,27.7
A0ABT0YW74,B,372,94.321,0.9496,True,True,True,24.1
A0ABT3NZT6,B,350,93.876,0.9412,True,True,True,20.8
A0ABT3MXP9,B,318,95.391,0.9214,True,True,True,16.7
A0ABU1DA27,B,301,93.427,0.9425,True,True,True,14.7
A0ABU1ZE23,B,338,94.297,0.9416,True,True,True,19.2
A0ABT8JUV3,B,355,92.511,0.9241,True,True,True,21.6
A0A9Q8Y3L3,B,386,93.885,0.9291,True,True,True,27.8
A0ABU4ANJ2,B,337,93.985,0.9348,True,True,True,19.1
A0ABU3E7H0,B,351,93.626,0.9289,True,True,True,21.0
A0ABU8E5K0,B,347,91.867,0.9022,True,True,True,20.5
A0ABU9CQ45,B,367,92.677,0.9200,True,True,True,23.4
A0ABU9BFW5,B,348,93.586,0.9397,True,True,True,20.7
A0ABU5YNC8,B,342,93.285,0.9468,True,True,True,19.8
A0A9Q9FFS2,B,396,92.322,0.9218,True,True,True,29.4
A0A9Q8Y3X6,B,386,94.197,0.9339,True,True,True,27.8
A0A9Q4CTT8,B,334,94.722,0.9360,True,True,True,18.7
A0ABU0BXJ3,B,344,95.096,0.9466,True,True,True,19.9
A0ABU5XQD7,B,360,90.780,0.8611,True,True,True,22.2
A0ABU5I9Y4,B,321,94.031,0.9050,True,True,True,16.9
A0ABU5I834,B,340,95.361,0.9487,True,True,True,19.4
A0ABU5C512,B,310,91.138,0.8968,True,True,True,15.5
A0ABU0AWP4,B,389,93.947,0.9481,True,True,True,28.3
A0ABT8CT28,B,359,92.988,0.9126,True,True,True,22.2
A0ABT5B9L8,B,323,93.728,0.9094,True,True,True,17.2
A0ABT5BGS6,B,323,93.526,0.9031,True,True,True,17.2
A0ABY2EDL9,B,367,92.518,0.9123,True,True,True,23.4
A0ABY2KKX8,B,317,92.425,0.9220,True,True,True,16.4
A0ABY2RS97,B,388,94.278,0.9112,True,True,True,28.1
A0ABY4T7Y5,B,283,87.602,0.8068,True,True,True,12.7
A0ABZ0IMY1,B,317,91.823,0.9178,True,True,True,16.4
A0ABZ1UN88,B,333,94.921,0.9421,True,True,True,18.6
A0ABZ3IYA3,B,394,93.607,0.9454,True,True,True,29.1
A0ABZ3J7H4,B,394,93.610,0.9451,True,True,True,29.1
A0ABZ0RJ25,B,357,92.462,0.9230,True,True,True,22.0
A0ABZ0RPR6,B,383,87.435,0.8272,True,True,True,25.8
A0ABZ0S777,B,372,90.424,0.9189,True,True,True,24.1
A6DPA2,B,359,92.586,0.9261,True,True,True,22.2
A5KKY4,B,391,93.950,0.9203,True,True,True,28.6
A0ABZ2Q3I0,B,335,93.512,0.9435,True,True,True,18.8
A0ABX2W1K6,B,344,95.093,0.9462,True,True,True,19.9
A0ABX2IZG8,B,272,92.347,0.9118,True,True,True,11.6
A0ABZ2CBD9,B,370,95.170,0.9516,True,True,True,23.9
A0ABX1X2Q2,B,340,93.402,0.9211,True,True,True,19.4
A0ABX1PLQ8,B,322,94.830,0.9278,True,True,True,17.2
A0ABX1D3W7,B,321,93.737,0.9141,True,True,True,16.9
A0ABX1CVX5,B,333,93.824,0.9284,True,True,True,18.6
A0ABY5MGM0,B,341,93.930,0.9107,True,True,True,19.7
A0ABY5DM56,B,343,93.287,0.9378,True,True,True,19.9
A0ABZ0Q8N0,B,394,92.060,0.9284,True,True,True,29.1
H3NR67,B,366,92.931,0.9461,True,True,True,23.2
G2PSL2,B,328,93.798,0.9354,True,True,True,17.8
F9UHM5,B,338,93.162,0.9357,True,True,True,19.2
B9TIQ4,B,269,91.903,0.9180,True,True,True,11.2
B8F8W1,B,340,92.696,0.9273,True,True,True,19.4
F5LBA6,B,283,82.161,0.6173,True,True,True,12.7
B3E8P3,B,369,95.507,0.9544,True,True,True,23.7
F5IX48,B,374,90.022,0.9196,True,True,True,24.5
F4KWL8,B,330,92.898,0.8948,True,True,True,18.1
F4KLJ2,B,345,92.962,0.9322,True,True,True,20.3
G0J2C7,B,331,93.669,0.9234,True,True,True,18.4
F8E4K8,B,337,93.894,0.9098,True,True,True,19.1
F2JMA7,B,397,94.288,0.9230,True,True,True,29.6
F0SBT9,B,315,94.492,0.9377,True,True,True,16.2
E2ZBX4,B,293,92.824,0.9141,True,True,True,13.6
E0USY6,B,336,93.132,0.9031,True,True,True,18.9
D8PEA4,D,314,94.302,0.9297,True,True,True,16.1
D7BKC8,D,399,93.575,0.9039,True,True,True,29.9
G0L028,B,323,94.400,0.9196,True,True,True,17.2
F3L0M6,B,345,93.985,0.9410,True,True,True,20.3
F2KMT2,B,344,93.455,0.9273,True,True,True,19.9
A0ABY5MTE8,B,277,84.307,0.8432,True,True,True,12.0
A0ABY4YN58,B,392,71.877,0.7192,True,True,True,28.6
A0ABY2UN97,B,329,92.719,0.8978,True,True,True,18.1
A0ABY5PHY0,B,361,95.439,0.9530,True,True,True,22.6
K2G6J5,B,400,94.122,0.9401,True,True,True,30.3
K1JET8,B,354,93.202,0.9251,True,True,True,21.4
H3ZIK3,B,338,95.207,0.9453,True,True,True,19.2
J9CHC8,B,306,92.446,0.9062,True,True,True,15.1
J2IFI8,B,337,95.019,0.9445,True,True,True,19.1
A0ABW8VVG1,B,316,92.776,0.9282,True,True,True,16.4
A0ABW8VLH1,B,369,94.390,0.9494,True,True,True,23.7
A0ABW8US82,B,339,94.811,0.9506,True,True,True,19.4
A0ABW8RVY2,B,335,94.143,0.9214,True,True,True,18.8
A0ABW7N255,B,321,92.858,0.9103,True,True,True,16.9
A0ABW7KA47,B,358,91.850,0.8888,True,True,True,22.0
A0ABW5MZ04,B,351,93.524,0.9404,True,True,True,21.0
A0ABY4GNP4,B,369,94.790,0.9545,True,True,True,23.8
A0ABY4GLF9,B,369,94.628,0.9542,True,True,True,23.7
A0ABY4E1P5,B,318,94.535,0.9321,True,True,True,16.7
A0ABY4C4N7,B,327,91.168,0.8513,True,True,True,17.7
A0ABY3U448,B,349,90.059,0.8639,True,True,True,20.8
A0ABY3T289,B,330,94.109,0.9484,True,True,True,18.1
A0ABY0IBJ9,B,334,95.290,0.9423,True,True,True,18.7
K6W7Q0,B,344,94.238,0.9171,True,True,True,19.9
A0ABX6KAH6,B,336,95.245,0.9463,True,True,True,18.9
A0ABX7B8T9,B,385,90.256,0.9144,True,True,True,27.7
A0ABY5WU26,B,339,95.488,0.9505,True,True,True,19.5
A0ABY9Y7T0,B,321,94.190,0.9154,True,True,True,16.9
A0ABY9Y6J6,B,321,94.099,0.9162,True,True,True,16.9
A3XIC2,B,330,93.537,0.9410,True,True,True,18.1
A3U032,B,341,93.866,0.9421,True,True,True,19.7
A3K4G1,B,343,93.789,0.9451,True,True,True,19.9
A1ZJV8,B,320,93.423,0.8692,True,True,True,16.8
A1WEL8,B,316,94.645,0.9312,True,True,True,16.4
A0ABW9MEW0,B,313,94.863,0.9270,True,True,True,16.0
A0ABY6TKY2,B,321,93.102,0.9096,True,True,True,16.9
A0ABX7BJP1,B,271,92.653,0.9218,True,True,True,11.5
A0ABY6IPR9,B,336,93.411,0.9449,True,True,True,18.9
A0ABY6D1A2,B,339,93.812,0.9237,True,True,True,19.5
A0ABY6CVF3,B,339,93.757,0.9234,True,True,True,19.4
A0ABY5ZN69,B,369,94.191,0.9526,True,True,True,23.8
A0ABX9MH80,B,311,91.279,0.9163,True,True,True,15.7
A0ABX9EKM0,B,241,93.110,0.9103,True,True,True,8.3
A0ABX8J1B8,B,315,95.048,0.9259,True,True,True,16.2
A0ABX7Q0J2,B,316,95.288,0.9241,True,True,True,16.4
A0ABT3MQL2,B,392,92.658,0.9296,True,True,True,28.6
A0ABR9NZ87,B,308,92.291,0.9203,True,True,True,15.2
A0A8S2X0V8,B,293,93.494,0.9280,True,True,True,13.6
A0AAU8G2F8,B,355,90.672,0.8672,True,True,True,21.6
A0A9X4BFT7,B,319,89.165,0.8972,True,True,True,16.6
A0A9X2W4T6,B,342,94.730,0.9523,True,True,True,19.8
A0A9X2W363,B,340,93.800,0.9268,True,True,True,19.4
A0AA47KMU9,B,318,95.769,0.9317,True,True,True,16.7
A0AA48HPI5,B,337,95.335,0.9479,True,True,True,19.1
A0A9Y2KYJ2,B,377,86.606,0.8590,True,True,True,24.9
A0AA86N3B0,B,347,93.347,0.9386,True,True,True,20.5
A0AA86N096,B,316,94.102,0.9264,True,True,True,16.4
A0AA51REL4,B,335,93.689,0.9129,True,True,True,18.8
A0AA49GID8,B,270,89.515,0.8587,True,True,True,11.3
A0A9X2F6L7,B,368,88.349,0.8971,True,True,True,23.4
A0A8T9MQ68,B,333,94.537,0.9399,True,True,True,18.6
A0A9X2DX96,B,339,87.439,0.8335,True,True,True,19.4
A0A9X2A5H5,B,325,93.988,0.9138,True,True,True,17.5
A0A9X1ZWH0,B,332,93.299,0.9131,True,True,True,18.3
A0A9X2F9K4,B,256,93.001,0.9286,True,True,True,9.5
A0A9X0WH17,B,384,93.685,0.9422,True,True,True,25.9
A0A9Y2KWP1,B,344,93.280,0.9278,True,True,True,19.9
A0AAT9FNB1,B,340,92.838,0.9197,True,True,True,19.4
A0ABT2E7S4,B,344,95.046,0.9469,True,True,True,19.9
A0AAN4W154,B,354,92.541,0.9144,True,True,True,21.4
A0AAJ6ALN2,B,399,94.220,0.9293,True,True,True,30.0
A0ABW5EZM7,B,349,93.386,0.9390,True,True,True,20.8
A0A0F8GK79,B,387,94.667,0.9495,True,True,True,28.0
A0A0F7PDA2,B,331,96.085,0.9572,True,True,True,18.4
A0AAN4RJI8,B,370,94.916,0.9423,True,True,True,23.9
A0AAE3T3A0,B,316,94.894,0.9284,True,True,True,16.4
A0AAE3P2N4,B,287,92.593,0.8973,True,True,True,13.0
A0AAE3NX74,B,346,91.916,0.9309,True,True,True,20.3
A0AAE3A6R3,B,389,94.750,0.9403,True,True,True,28.3
A0AAE3VEH6,B,378,86.595,0.8692,True,True,True,25.1
A0AAE3VEM8,B,378,86.891,0.8707,True,True,True,25.0
A0AAE3VIQ3,B,374,87.213,0.8641,True,True,True,24.4
A0AAE3YJQ1,B,386,93.121,0.9163,True,True,True,27.8
A0AA97F7X2,B,295,91.617,0.8902,True,True,True,14.0
A0AAE3ZD97,B,231,75.339,0.6349,True,True,True,7.4
A0AAU0ULI9,B,391,91.270,0.9160,True,True,True,28.6
A0AAU7Q556,B,339,94.730,0.9525,True,True,True,19.4
A0AAU7NYE0,B,337,94.918,0.9422,True,True,True,19.1
A0AAU7NXH6,B,337,94.946,0.9417,True,True,True,19.1
A0A9X0U348,B,343,93.950,0.9447,True,True,True,19.9
A0A9X0R6K7,B,342,93.100,0.9426,True,True,True,19.8
A0A9X0R5N4,B,306,94.625,0.9330,True,True,True,15.1
A0A9W7KN54,B,314,93.574,0.8989,True,True,True,16.1
A0A974Y5G8,B,361,92.867,0.9194,True,True,True,22.6
A0AAW9RYY1,B,278,92.405,0.9330,True,True,True,12.2
A0AAX4KWX5,B,383,89.316,0.9015,True,True,True,25.8
A0AAX4KYT3,B,386,90.244,0.9173,True,True,True,27.8
A0AAX4L2F1,B,330,91.624,0.8564,True,True,True,18.1
A0AB38YDY8,B,336,92.259,0.9050,True,True,True,18.9
A0A931IY41,B,338,94.016,0.9375,True,True,True,19.2
A0A931IXK9,B,338,94.054,0.9397,True,True,True,19.2
A0A931GZV7,B,339,94.519,0.9305,True,True,True,19.5
A0AB37U811,B,290,91.029,0.8803,True,True,True,13.2
A0A916VTR5,B,347,93.621,0.9406,True,True,True,20.5
A0A916VHX8,B,375,93.983,0.9421,True,True,True,24.6
A0A916RZP1,B,311,94.537,0.9276,True,True,True,15.7
A0A916QQL6,B,276,83.544,0.8570,True,True,True,11.7
A0A8J7WQA4,B,358,91.394,0.8824,True,True,True,22.0
A0A8J7IGC9,B,355,93.170,0.9329,True,True,True,21.6
A0A8G0ZXA2,B,310,95.316,0.9464,True,True,True,15.5
A0A917HEJ6,B,399,93.843,0.9358,True,True,True,29.9
A0A975FJQ6,B,366,94.053,0.9395,True,True,True,23.2
A0A975H581,B,318,94.514,0.9181,True,True,True,16.6
A0A934NWT2,B,341,94.196,0.9293,True,True,True,19.6
A0A9X1IM18,B,295,95.115,0.9332,True,True,True,14.0
A0A9W6LKF6,B,330,93.656,0.9292,True,True,True,18.1
A0A9Q3WAC5,B,331,94.140,0.9358,True,True,True,18.4
A0AA42B8X8,B,384,93.241,0.9388,True,True,True,25.8
A0AA41Z3Z8,B,311,93.415,0.9307,True,True,True,15.7
A0AA41YQ66,B,343,94.126,0.9400,True,True,True,19.9
A0AA41YQ00,B,334,94.149,0.9418,True,True,True,18.7
A0AA41QPE2,B,348,92.937,0.9377,True,True,True,20.7
A0AA37XK77,B,339,91.971,0.9041,True,True,True,19.5
A0A9D5M3A9,B,394,92.436,0.9205,True,True,True,29.1
A0A934VHI0,B,261,93.776,0.9328,True,True,True,10.6
A0A9E9P2Y2,B,344,92.678,0.9288,True,True,True,19.9
A0A9E5JXL1,B,360,95.053,0.9506,True,True,True,22.2
A0A9E5JQV1,B,360,94.575,0.9489,True,True,True,22.2
A0A9E2W767,B,345,93.182,0.9297,True,True,True,20.3
A0A926E4W5,B,384,85.762,0.8388,True,True,True,25.9
A0A921HCB4,B,334,94.069,0.9342,True,True,True,18.7
A0A919VBF8,B,391,91.620,0.9037,True,True,True,28.6
A0A919CU50,B,309,93.914,0.9210,True,True,True,15.6
A0AAJ6ANX8,B,399,94.212,0.9301,True,True,True,29.9
A0AAN1XTC4,B,227,93.753,0.9212,True,True,True,7.2
A0AAN3CN10,B,332,93.832,0.9387,True,True,True,18.3
A0ABQ6HLM8,B,372,90.027,0.8596,True,True,True,24.1
A0A9E6XRT2,B,361,95.325,0.9516,True,True,True,22.6
A0A9E5MEF2,B,360,94.694,0.9442,True,True,True,22.2
A0A9E2BHR8,B,344,94.419,0.9464,True,True,True,19.9
A0ABS1KY93,B,335,94.112,0.9275,True,True,True,18.8
A0ABS1J410,B,324,90.669,0.9091,True,True,True,17.4
A0ABS0NC22,B,320,93.651,0.9149,True,True,True,16.8
A0ABR8LME1,B,384,93.896,0.9426,True,True,True,25.8
A0ABS3CVZ4,B,345,94.242,0.9334,True,True,True,20.3
A0ABS1DN22,B,342,94.590,0.9360,True,True,True,19.8
A0ABS1DKE3,B,342,94.888,0.9350,True,True,True,19.8
A0ABR8LNI0,B,344,94.109,0.9421,True,True,True,19.9
A0ABR8LFV3,B,355,91.297,0.8937,True,True,True,21.6
A0ABS8CST8,B,235,92.620,0.8720,True,True,True,7.7
A0ABR5Q8L7,B,362,94.338,0.9427,True,True,True,22.7
A0ABR5N9L6,B,400,93.991,0.9275,True,True,True,30.2
A0ABQ6ISN1,B,368,76.494,0.6974,True,True,True,23.4
A0ABQ6ISA3,B,297,87.633,0.8527,True,True,True,14.0
A0ABP9USQ5,B,351,93.467,0.9331,True,True,True,21.0
A0ABQ5Y8I0,B,336,93.540,0.9344,True,True,True,18.9
A0A969WER0,B,367,94.772,0.9463,True,True,True,23.4
A0ABS2CT38,B,350,91.406,0.8951,True,True,True,20.8
A0ABS2DV07,B,271,92.952,0.8874,True,True,True,11.5
A0ABT2U4B1,B,393,94.167,0.9237,True,True,True,28.9
A0ABT1JHD1,B,330,88.489,0.8913,True,True,True,18.1
A0ABT3G9Z0,B,317,94.070,0.9066,True,True,True,16.4
A0ABT3CUU2,B,321,93.955,0.9155,True,True,True,16.9
A0ABS9NQK1,B,217,92.549,0.8534,True,True,True,6.6
A0ABS9HZU9,B,300,94.608,0.9211,True,True,True,14.3
A0ABS9C0C5,B,331,94.177,0.9214,True,True,True,18.3
A0ABS8Y4I9,B,382,92.071,0.9230,True,True,True,25.7
A0ABS9Q7A2,B,330,88.673,0.8365,True,True,True,18.1
A0ABT2R5G2,B,328,92.101,0.9075,True,True,True,17.8
A0ABS2ECK3,B,392,93.867,0.9219,True,True,True,28.6
A0ABS9U718,B,348,92.501,0.9157,True,True,True,20.7
A0ABS9U464,B,319,93.187,0.9404,True,True,True,16.6
A0ABS6W5J4,B,330,93.650,0.9261,True,True,True,18.1
A0ABS6T891,B,326,95.451,0.9307,True,True,True,17.6
A0ABS5WL82,B,357,95.371,0.9278,True,True,True,22.0
A0ABS5UDU9,B,317,95.022,0.9261,True,True,True,16.4
A0ABS5JP09,B,358,92.098,0.9092,True,True,True,22.0
A0ABS5JGH2,B,336,93.887,0.9435,True,True,True,18.9
A0ABQ4D303,B,392,87.503,0.8303,True,True,True,28.6
A0ABQ1I621,B,327,91.203,0.9225,True,True,True,17.7
A0AAP6JG91,B,313,93.535,0.8926,True,True,True,16.0
A0ABN0X2D3,B,395,93.455,0.9418,True,True,True,29.2
A0ABD5P152,B,332,94.682,0.9494,True,True,True,18.3
A0AB39VRJ8,B,344,94.074,0.9407,True,True,True,19.9
A0ABD7Q7B7,B,334,94.510,0.9332,True,True,True,18.7
A0AAJ0XD48,B,308,93.589,0.9326,True,True,True,15.2
A0AAJ0UFD5,B,374,86.513,0.7400,True,True,True,24.4
A0AAE6WF00,B,370,95.137,0.9401,True,True,True,23.9
A0AAE9YNS7,B,317,94.732,0.9180,True,True,True,16.4
A0AAV4LIM3,B,344,93.797,0.9363,True,True,True,19.9
A0AAW8CTA8,B,328,95.796,0.9455,True,True,True,17.8
A0AB35HS84,B,398,92.699,0.9251,True,True,True,29.7
A0AAW9R9N7,B,284,92.990,0.9059,True,True,True,12.8
A0AAW5E3B3,B,379,93.874,0.9509,True,True,True,25.2
A0AAW3ZI82,B,338,92.487,0.9342,True,True,True,19.2
A0AAW6CY81,B,316,91.956,0.8837,True,True,True,16.4
A0ABC9VFC6,B,375,95.017,0.9533,True,True,True,24.6
A0ABM8UC15,B,309,93.762,0.9139,True,True,True,15.6
A0ABM7W726,B,346,92.593,0.9318,True,True,True,20.3
A0ABM6M9V2,B,345,93.436,0.9432,True,True,True,20.3
A0ABN2M3I2,B,399,89.872,0.8143,True,True,True,29.9
A0ABN4D1K7,B,359,93.677,0.9419,True,True,True,22.2
A0ABP0V936,B,347,84.946,0.8546,True,True,True,20.5
A0ABP9KPL5,B,339,95.002,0.9441,True,True,True,19.4
A0ABQ3GL81,B,367,94.044,0.9524,True,True,True,23.4
A0ABQ6A941,B,212,92.685,0.9040,True,True,True,6.2
A0ABQ0QPE1,B,302,94.013,0.9348,True,True,True,14.6
A0ABQ0E760,B,347,95.185,0.9473,True,True,True,20.5
A0ABQ3VS78,B,394,92.029,0.9237,True,True,True,29.1
A0ABQ3VPY2,B,248,92.482,0.9290,True,True,True,8.7
A0ABV5FYX2,B,363,93.579,0.9429,True,True,True,22.8
A0ABQ6E640,B,384,92.832,0.9377,True,True,True,25.8
A0ABP9EU81,B,344,94.283,0.9418,True,True,True,19.9
A0ABP1F558,B,322,86.203,0.8611,True,True,True,17.2
A0ABP9DFP4,B,336,93.162,0.9235,True,True,True,18.9
A0ABP8NB82,B,350,92.887,0.9140,True,True,True,20.8
A0ABP8J7D1,B,361,90.931,0.8724,True,True,True,22.6
A0ABS7EKU0,B,373,93.236,0.9457,True,True,True,24.3
A0ABR6TJC7,B,389,93.198,0.9448,True,True,True,28.3
A0ABP7MDX9,B,272,92.767,0.9181,True,True,True,11.6
A0ABP7LWS6,B,344,94.014,0.9455,True,True,True,19.9
A0ABP2NB64,B,331,93.964,0.9256,True,True,True,18.4
A0A285TNF7,B,342,93.307,0.9478,True,True,True,19.8
A0A271J153,B,363,90.461,0.9053,True,True,True,22.8
A0A271IYR4,B,311,94.847,0.9371,True,True,True,15.7
A0ABU0FMT7,B,297,94.516,0.9286,True,True,True,14.0
A0ABU1F3K6,B,342,93.656,0.9279,True,True,True,19.8
A0ABT6VT89,B,356,90.686,0.8672,True,True,True,21.8
A0ABT8R1Z1,B,340,93.705,0.9138,True,True,True,19.4
A0ABT8CSZ6,B,310,92.333,0.9231,True,True,True,15.5
A0ABT7ZZV2,B,342,94.680,0.9466,True,True,True,19.8
A0ABT7VBF2,B,391,93.144,0.9001,True,True,True,28.6
A0ABT7SPM3,B,286,94.929,0.9383,True,True,True,12.7
A0ABT7IS07,B,359,93.806,0.9216,True,True,True,22.2
A0ABT3ZLY0,B,344,93.594,0.9399,True,True,True,19.9
A0ABT7IL29,B,364,91.835,0.9014,True,True,True,22.9
A0ABT4YBA9,B,357,91.735,0.9225,True,True,True,21.9
A0ABT9EE23,B,348,94.684,0.9400,True,True,True,20.7
A0ABT5RA82,B,347,93.762,0.9423,True,True,True,20.5
A0ABT5R839,B,308,93.422,0.9283,True,True,True,15.2
A0ABT5ISP6,B,347,93.788,0.9373,True,True,True,20.5
A0ABT5HYA4,B,313,95.005,0.9386,True,True,True,16.0
A0ABT5GDK6,B,363,91.932,0.9331,True,True,True,22.8
A0ABT5FFZ8,B,312,83.923,0.8292,True,True,True,15.7
A0ABT5B174,B,323,93.570,0.9096,True,True,True,17.2
A0ABU0BUD2,B,343,93.884,0.9423,True,True,True,19.9
A0ABU0FPB8,B,350,92.778,0.8599,True,True,True,20.8
A0AAE9XCZ1,B,324,93.795,0.9302,True,True,True,17.4
A0ABU0BJP8,B,373,93.529,0.9521,True,True,True,24.3
A0ABU3C2R8,B,282,91.612,0.7642,True,True,True,12.4
A0ABT7C4V2,B,356,92.425,0.9147,True,True,True,21.8
A0ABU3CZV4,B,350,91.846,0.9133,True,True,True,20.8
A0ABU3Q5G0,B,360,88.784,0.9134,True,True,True,22.2
A0ABV0ADS3,B,321,93.056,0.8969,True,True,True,16.9
A0ABU9TUZ5,B,384,92.382,0.9350,True,True,True,25.8
A0ABU3B3P2,B,325,95.198,0.9481,True,True,True,17.5
A0ABU4SXG1,B,343,91.914,0.9045,True,True,True,19.9
A0ABU4S4Z8,B,273,94.854,0.9287,True,True,True,11.7
A0ABT7F5G0,B,283,94.654,0.9331,True,True,True,12.7
A0ABU2L184,B,375,93.612,0.8971,True,True,True,24.6
A0ABU2L181,B,394,91.932,0.9065,True,True,True,29.1
A0ABU2JIH2,B,356,91.608,0.8937,True,True,True,21.8
A0ABU1WV71,B,360,93.589,0.9436,True,True,True,22.2
A0ABU1V498,B,319,94.234,0.9111,True,True,True,16.6
A0ABU1SZE6,B,359,91.887,0.8730,True,True,True,22.2
A0ABT9IH37,B,324,91.432,0.8734,True,True,True,17.4
A0ABT9JX31,B,360,90.582,0.9187,True,True,True,22.2
A0ABW5CQ75,B,377,86.125,0.8136,True,True,True,24.9
A0ABT4YF31,B,390,93.027,0.9341,True,True,True,28.4
A0ABT4RLK3,B,351,90.717,0.8939,True,True,True,21.0
A0ABY1ABE5,B,315,93.019,0.8924,True,True,True,16.2
A0ABY0V9B1,B,399,93.736,0.9072,True,True,True,29.9
A0ABT2YXB5,B,350,92.366,0.9334,True,True,True,20.9
A0ABT2Y866,B,399,93.222,0.9295,True,True,True,29.9
A0ABT2X9N8,B,342,94.125,0.9511,True,True,True,19.8
A0ABT2R4X1,B,341,94.665,0.9389,True,True,True,19.6
A0ABT2QZY8,B,293,92.163,0.9153,True,True,True,13.6
A0ABT2J9U4,B,400,93.884,0.9129,True,True,True,30.2
A0ABS6KQL4,B,399,91.586,0.8815,True,True,True,29.9
A0ABS6IBX6,B,354,92.269,0.8930,True,True,True,21.4
A0ABS6GLD0,B,400,93.926,0.9311,True,True,True,30.2
A0ABS6E7F5,B,355,93.576,0.9286,True,True,True,21.6
A0ABT3BJ13,B,344,94.027,0.9436,True,True,True,19.9
A0ABQ6VH58,B,335,90.622,0.9163,True,True,True,18.8
A0ABS1QMF7,B,301,93.797,0.9117,True,True,True,14.6
A0ABS1HR25,B,335,93.409,0.9060,True,True,True,18.8
A0ABS0H4F2,B,400,88.852,0.8183,True,True,True,30.2
A0ABS1DKX4,B,343,93.698,0.9345,True,True,True,19.9
A0ABS1HDH3,B,400,94.041,0.9269,True,True,True,30.2
A0ABM5Q8C1,B,359,93.712,0.9422,True,True,True,22.2
A0AAE9HXT7,B,320,94.649,0.9353,True,True,True,16.8
A0ABS9J2A3,B,321,94.019,0.9217,True,True,True,16.9
A0ABS9NPZ6,B,331,94.683,0.9202,True,True,True,18.4
A0ABS9SFF8,B,350,93.690,0.9286,True,True,True,20.8
A0ABT1QZN4,B,305,94.931,0.9263,True,True,True,15.0
A0ABT1D1Q7,B,342,93.547,0.9243,True,True,True,19.8
A0ABT1BT28,B,305,91.714,0.9267,True,True,True,15.0
A0ABT1PBI7,B,396,94.341,0.9351,True,True,True,29.4
A0ABT0GM69,B,379,89.077,0.9110,True,True,True,25.2
A0ABT3RXT0,B,336,93.676,0.9330,True,True,True,18.9
A0ABT3RWY0,B,257,94.335,0.9139,True,True,True,10.4
A0ABT3P222,B,343,94.289,0.9510,True,True,True,19.9
A0ABT0MB08,B,302,91.052,0.9192,True,True,True,14.6
A0ABQ6I1X9,B,352,91.099,0.8956,True,True,True,21.1
A0ABS5KA29,B,341,91.841,0.8894,True,True,True,19.6
A0ABR9D216,B,345,93.566,0.9197,True,True,True,20.3
A0ABR9CWF2,B,345,93.815,0.9209,True,True,True,20.3
A0ABR8R611,B,400,94.021,0.9321,True,True,True,30.2
A0ABR7S0A0,B,347,92.861,0.9381,True,True,True,20.5
A0ABR7FKZ0,B,397,93.954,0.9327,True,True,True,29.6
A0ABT3P0I0,B,360,84.811,0.8666,True,True,True,22.2
A0ABT3FSE0,B,302,88.476,0.8895,True,True,True,14.6
A0ABS5WVH9,B,344,93.860,0.9432,True,True,True,19.9
A0ABU7Z2Q1,B,353,90.002,0.8773,True,True,True,21.4
A0ABU8DZX0,B,364,90.417,0.8700,True,True,True,22.9
A0ABU3BCA0,B,337,95.444,0.9569,True,True,True,19.1
A0ABV3SGH8,B,339,94.744,0.9456,True,True,True,19.4
A0ABW5DWV6,B,279,91.705,0.8746,True,True,True,12.3
A0ABX2G8K1,B,320,93.471,0.8908,True,True,True,16.8
A0ABX5Z1G0,B,319,92.441,0.8816,True,True,True,16.6
A0ABW7KEZ7,B,399,93.252,0.9240,True,True,True,29.9
A0ABW7FTK9,B,338,93.930,0.9424,True,True,True,19.2
A0ABX5UIG5,B,340,94.663,0.9456,True,True,True,19.4
A0ABX5Q4A6,B,378,93.407,0.9404,True,True,True,25.1
A0ABX4IPY3,B,260,92.056,0.8425,True,True,True,10.5
A0ABX3TUR3,B,312,91.117,0.8328,True,True,True,15.7
A0ABW7JZL1,B,355,91.289,0.8990,True,True,True,21.6
A0ABU5Y029,B,360,90.613,0.8654,True,True,True,22.2
A0ABU6IDD4,B,334,94.723,0.9360,True,True,True,18.7
A0ABU6IQE1,B,329,94.635,0.9253,True,True,True,18.1
A0ABW2RF07,B,380,90.677,0.9365,True,True,True,25.3
A0ABW2QXC5,B,329,94.672,0.9374,True,True,True,18.1
A0ABW2MP73,B,323,94.031,0.9306,True,True,True,17.2
A0ABW5CEH7,B,319,93.523,0.9102,True,True,True,16.6
A0ABW4XT15,B,384,92.788,0.9405,True,True,True,25.8
A0ABW4VAP8,B,359,90.450,0.8765,True,True,True,22.2
A1WQH7,B,316,90.612,0.9002,True,True,True,16.4
A1WQJ8,B,316,94.375,0.9197,True,True,True,16.4
A1ZE27,B,355,94.617,0.9230,True,True,True,21.6
A0ABY5ZNS6,B,349,92.657,0.9381,True,True,True,20.8
A0ABX8JEH2,B,348,92.707,0.9413,True,True,True,20.6
A0ABY5LUM2,B,319,93.596,0.9163,True,True,True,16.6
A0ABY5E2F0,B,343,93.244,0.9378,True,True,True,19.9
A0ABY4YQE3,B,353,91.904,0.8940,True,True,True,21.4
A0ABY4SCF0,B,338,93.715,0.9400,True,True,True,19.2
A0ABY1L2E1,B,322,93.807,0.9128,True,True,True,17.2
A0ABX8WPG2,B,307,94.117,0.9205,True,True,True,15.3
A0ABX0P5Y6,B,348,93.793,0.9351,True,True,True,20.6
A0ABX1VSJ0,B,398,93.253,0.9264,True,True,True,29.7
A1ZM48,B,350,93.220,0.9216,True,True,True,20.8
A0ABX1VQS8,B,387,95.690,0.9580,True,True,True,27.9
A0ABX1VFM3,B,359,91.626,0.9183,True,True,True,22.2
A0ABX2IXW7,B,296,93.827,0.9376,True,True,True,13.9
A0ABX1NSG6,B,341,93.562,0.9405,True,True,True,19.6
A0ABX3NNV0,B,366,92.911,0.9256,True,True,True,23.2
A0ABX1N7L0,B,341,92.923,0.9369,True,True,True,19.6
A4XMZ9,B,303,92.285,0.9141,True,True,True,14.7
A2SCQ4,B,365,92.248,0.9255,True,True,True,23.1
A0ABW5BDE4,B,331,93.936,0.9233,True,True,True,18.4
A0ABW3UCU0,B,268,94.398,0.9210,True,True,True,11.0
A0ABV0AG23,B,322,94.436,0.9153,True,True,True,17.2
A0ABW3RFP9,B,321,93.498,0.9036,True,True,True,16.9
A0ABV6NI07,B,395,91.278,0.9238,True,True,True,29.2
A0ABV6MHS3,B,349,92.869,0.9364,True,True,True,20.8
A0ABV6FX69,B,329,93.433,0.9150,True,True,True,18.1
A0ABV6F9Q8,B,282,93.075,0.9065,True,True,True,12.4
A0ABV6C2L1,B,344,92.839,0.9455,True,True,True,19.9
A0ABV7FHD5,B,340,94.645,0.9314,True,True,True,19.4
A0ABV6YJR6,B,352,92.369,0.8956,True,True,True,21.1
A0ABV4U5Q6,B,337,93.603,0.9366,True,True,True,19.1
A0ABV4TZ51,B,389,92.244,0.9380,True,True,True,28.3
A0ABV5FZ69,B,363,93.490,0.9423,True,True,True,22.8
A0ABV3LC98,B,252,93.791,0.9193,True,True,True,9.2
A0ABV2N7E8,B,257,92.501,0.8989,True,True,True,10.3
A0ABV2K742,B,311,92.961,0.8974,True,True,True,15.7
A0ABV2IIA5,B,339,94.440,0.9452,True,True,True,19.4
A0ABV1GAY5,B,391,94.433,0.9232,True,True,True,28.6
A0ABV1F5P4,B,365,91.313,0.8981,True,True,True,23.1
A0ABV1DVP5,B,392,93.701,0.9257,True,True,True,28.6
A0ABU9Q0V7,B,321,95.351,0.9424,True,True,True,16.9
A0ABU9C6V9,B,338,94.421,0.9421,True,True,True,19.2
A0AA35U0W5,B,340,94.141,0.9245,True,True,True,19.4
A0ABV7TWJ0,B,347,93.906,0.9417,True,True,True,20.5
A0ABV8JXZ9,B,351,93.216,0.9317,True,True,True,21.0
A0ABW0KNZ5,B,316,94.267,0.9397,True,True,True,16.4
A0ABW3LTL6,B,307,94.358,0.9135,True,True,True,15.3
A0ABW3IQT8,B,342,92.423,0.9228,True,True,True,19.8
A0ABW3BCZ8,B,272,87.832,0.8389,True,True,True,11.6
A0ABV3Y5X2,B,352,92.358,0.9276,True,True,True,21.1
A0ABW4IA09,B,364,91.362,0.8807,True,True,True,22.9
A0ABW4HST0,B,331,93.787,0.9187,True,True,True,18.4
A0ABV9CXH3,B,387,92.961,0.8948,True,True,True,27.9
A0ABV9C5A6,B,343,94.675,0.9411,True,True,True,19.9
A0ABW1YK55,B,330,94.086,0.9425,True,True,True,18.1
A0ABW4HUL6,B,382,90.760,0.9039,True,True,True,25.7
A0ABW1X2D7,B,322,84.187,0.7217,True,True,True,17.2
A0ABW1SXY4,B,362,94.995,0.9388,True,True,True,22.7
A0ABV9KL93,B,376,93.253,0.9447,True,True,True,24.6
A0ABV9L491,B,358,93.186,0.9127,True,True,True,22.0
A0ABW4BNR5,B,395,94.686,0.9409,True,True,True,29.2
A0ABW0III9,B,315,93.805,0.9230,True,True,True,16.2
A0ABW0GVX6,B,343,93.600,0.9140,True,True,True,19.9
A0ABW0GQQ8,B,353,92.231,0.8809,True,True,True,21.4
A0AAI9DG74,B,344,94.490,0.9453,True,True,True,19.9
A0ABR9WMH2,B,295,92.743,0.9068,True,True,True,14.0
A0ABX8Y6Z9,B,379,91.764,0.9312,True,True,True,25.2
A0AA37SZJ3,B,291,93.218,0.9408,True,True,True,13.4
A0AA41XJN7,B,354,92.181,0.9107,True,True,True,21.4
A0AA41YWL2,B,369,94.643,0.9532,True,True,True,23.7
A0AAD1D308,B,338,95.686,0.9514,True,True,True,19.2
A0AAD1BZF1,B,394,90.741,0.8754,True,True,True,29.1
A0AAD1BYX7,B,314,93.005,0.8867,True,True,True,16.1
A0AAE3HJN3,B,330,94.152,0.9472,True,True,True,18.1
A0AA43MC45,B,355,88.253,0.8591,True,True,True,21.6
A0A9X3SSI5,B,400,93.122,0.9061,True,True,True,30.2
A0A9X3L5C7,B,313,94.129,0.9271,True,True,True,15.9
A0A9X2XMS1,B,300,91.955,0.9055,True,True,True,14.3
A0A9X2VHR9,B,349,90.939,0.8946,True,True,True,20.8
A0A9X4XH44,B,343,94.331,0.9490,True,True,True,19.9
A0A9X4QRC8,B,317,91.452,0.9174,True,True,True,16.4
A0A977L0F0,B,297,94.826,0.9198,True,True,True,14.0
A0A977KXU0,B,340,92.421,0.9218,True,True,True,19.4
A0A977KX71,B,340,92.156,0.9193,True,True,True,19.4
A0A977KVN5,B,293,91.359,0.8892,True,True,True,13.6
A0A977KUH6,B,340,92.476,0.9213,True,True,True,19.4
A0A975ZR98,B,339,94.273,0.9451,True,True,True,19.4
A0AA37SYF1,B,292,86.218,0.8914,True,True,True,13.6
A0AA41Q446,B,398,94.181,0.9296,True,True,True,29.7
A0ABR6VP44,B,340,94.016,0.9281,True,True,True,19.4
A0AAC8QK89,B,334,94.069,0.9342,True,True,True,18.7
A0AA49JX36,B,312,94.923,0.9300,True,True,True,15.7
A0AA46TJI1,B,378,92.757,0.9009,True,True,True,25.0
A0AAE3EVU0,B,335,92.659,0.9011,True,True,True,18.8
A0AAE3HNU7,B,338,92.992,0.9042,True,True,True,19.2
A0AAP2ZC21,B,332,94.726,0.9481,True,True,True,18.3
A0AAE6YIE0,B,315,94.477,0.9206,True,True,True,16.2
A0AAE6JVG6,B,330,93.545,0.9276,True,True,True,18.1
A0AAE3JBK9,B,390,94.398,0.9231,True,True,True,28.4
A0AAP4D0H3,B,344,94.440,0.9445,True,True,True,19.9
A0AAJ2R0U8,B,344,93.584,0.9400,True,True,True,19.9
A0AAE3SHG7,B,334,94.131,0.9319,True,True,True,18.7
A0AA94HTJ1,B,349,93.375,0.9477,True,True,True,20.8
A0AAE2V8K3,B,351,92.728,0.8961,True,True,True,21.0
A0AA95K6E9,B,331,94.776,0.9344,True,True,True,18.4
A0AA96WHY1,B,352,88.978,0.9217,True,True,True,21.1
A0AB36K7M4,B,340,95.219,0.9463,True,True,True,19.4
A0AB36K7A2,B,318,93.377,0.9233,True,True,True,16.6
A0AB35X421,B,326,92.756,0.9108,True,True,True,17.6
A0AAT9GDE8,B,339,93.044,0.9300,True,True,True,19.4
A0A975ICA0,B,369,89.112,0.9115,True,True,True,23.7
A0A975D644,B,387,90.713,0.9043,True,True,True,27.9
A0A975D3H7,B,378,94.151,0.9471,True,True,True,25.1
A0A975CFR0,B,325,94.588,0.8527,True,True,True,17.4
A0A6J6VEW3,B,398,85.800,0.8274,True,True,True,29.7
A0A9J6ZSY5,B,340,93.056,0.9081,True,True,True,19.4
A0A9J6PIL4,B,324,94.991,0.9477,True,True,True,17.4
A0A9E8Z954,B,353,91.427,0.9249,True,True,True,21.4
A0A964BU72,B,321,94.242,0.9284,True,True,True,16.9
A0A953L7V0,B,279,94.041,0.9249,True,True,True,12.3
A0A943DCP9,B,391,93.756,0.9271,True,True,True,28.6
A0A939IJQ1,B,330,94.340,0.9418,True,True,True,18.1
A0A939GJ30,B,335,94.051,0.9326,True,True,True,18.8
A0A939DJ41,B,326,94.170,0.9364,True,True,True,17.6
A0A939DIY5,B,346,94.153,0.9195,True,True,True,20.3
A0A939BWF7,B,361,93.898,0.9452,True,True,True,22.6
A0A939BD16,B,391,94.698,0.9409,True,True,True,28.6
A0A937W0J4,B,316,89.818,0.8799,True,True,True,16.4
A0A969WBH3,B,320,93.611,0.9129,True,True,True,16.8
A0A9Q9M2R8,B,339,94.533,0.9389,True,True,True,19.4
A0A9Q9M242,B,342,93.830,0.9285,True,True,True,19.8
A0A9Q9FF92,B,398,92.537,0.9088,True,True,True,29.7
A0A9Q0N7C8,B,349,92.611,0.9386,True,True,True,20.8
A0A7C3LSA7,B,382,93.787,0.9539,True,True,True,25.7
A0A7C4Q239,B,323,93.607,0.9110,True,True,True,17.2
A0A7C9J7Z0,B,356,92.002,0.9047,True,True,True,21.7
A0A9X2Q9D6,B,393,86.400,0.8475,True,True,True,28.9
A0A9Y2KZT8,B,255,75.683,0.7425,True,True,True,9.4
A0A9X9XB61,B,340,94.880,0.9503,True,True,True,19.4
A0A9W6GEI1,B,397,92.604,0.9268,True,True,True,29.6
A0A9X0U775,B,367,90.556,0.9251,True,True,True,23.4
A0A9X2JJ62,B,346,91.435,0.9321,True,True,True,20.3
A0A9X2AEM8,B,361,88.923,0.8825,True,True,True,22.6
A0A9X2FW57,B,342,82.503,0.8451,True,True,True,19.8
A0A9W6LJU6,B,397,92.431,0.9271,True,True,True,29.6
A0A9X2L0W7,B,312,90.888,0.8909,True,True,True,15.7
A0A7C9KDS8,B,387,92.865,0.8954,True,True,True,27.9
A0A9W7GN82,B,356,89.734,0.9068,True,True,True,21.8
A0A9W7GDN3,B,332,91.035,0.8778,True,True,True,18.3
A0A9W6W371,B,351,91.842,0.9007,True,True,True,21.0
A0A9W6VS37,B,316,92.943,0.9139,True,True,True,16.4
A0A937A0E7,B,328,95.150,0.9408,True,True,True,17.8
A0A9E2WA20,B,323,95.293,0.9397,True,True,True,17.2
A0A9J9HC04,B,318,94.101,0.9270,True,True,True,16.6
A0A9E6R6C2,B,354,94.168,0.9344,True,True,True,21.4
A0AA49JX47,B,315,95.665,0.9462,True,True,True,16.2
A0AA51N8W8,B,338,94.669,0.9196,True,True,True,19.2
A0AA51RWT5,B,384,91.932,0.9328,True,True,True,25.8
A0ABS8CG19,B,353,93.264,0.9371,True,True,True,21.4
A0ABQ0LA71,B,307,94.666,0.9204,True,True,True,15.3
C_targeted_001,C,342,91.627,0.8815,True,True,True,19.8
IS621_deimmunized_v2_Y255K_D41C_G65K_E187M_D27C_D203C_V285C_V152C_T224C_L318K_E87C_L193I_L275I_P177V,C,342,92.392,0.8855,True,True,True,19.8
D001_IS621_ProtMPNN_T0.1_sample14,D,342,92.850,0.9011,True,True,True,19.8
D002_IS621_ProtMPNN_T0.1_sample25,D,342,92.496,0.8919,True,True,True,19.8
D003_IS621_ProtMPNN_T0.1_sample5,D,342,92.500,0.8928,True,True,True,19.8
D004_IS621_ProtMPNN_T0.1_sample2,D,342,91.231,0.8844,True,True,True,19.8
D005_IS621_ProtMPNN_T0.1_sample28,D,342,92.144,0.8918,True,True,True,19.8
D006_IS621_ProtMPNN_T0.1_sample10,D,342,92.332,0.8952,True,True,True,19.8
D007_IS621_ProtMPNN_T0.1_sample9,D,342,92.810,0.8964,True,True,True,19.8
D008_IS621_ProtMPNN_T0.1_sample11,D,342,91.766,0.8894,True,True,True,19.8
D009_IS621_ProtMPNN_T0.1_sample21,D,342,92.489,0.8921,True,True,True,19.8
D010_IS621_ProtMPNN_T0.1_sample17,D,342,91.933,0.8913,True,True,True,19.8
D011_IS621_ProtMPNN_T0.1_sample18,D,342,91.816,0.8891,True,True,True,19.8
D012_IS621_ProtMPNN_T0.1_sample24,D,342,92.560,0.8921,True,True,True,19.8
D013_IS621_ProtMPNN_T0.1_sample20,D,342,92.754,0.8910,True,True,True,19.8
D014_IS621_ProtMPNN_T0.1_sample3,D,342,92.349,0.8877,True,True,True,19.8
D015_IS621_ProtMPNN_T0.1_sample26,D,342,90.583,0.8874,True,True,True,19.8
D016_IS621_ProtMPNN_T0.1_sample23,D,342,92.202,0.8895,True,True,True,19.8
D017_IS621_ProtMPNN_T0.1_sample13,D,342,92.464,0.8938,True,True,True,19.8
D018_IS621_ProtMPNN_T0.1_sample22,D,342,91.990,0.8910,True,True,True,19.8
D019_IS621_ProtMPNN_T0.1_sample30,D,342,91.796,0.8852,True,True,True,19.8
D020_IS621_ProtMPNN_T0.1_sample6,D,342,91.880,0.8860,True,True,True,19.8
D021_IS621_ProtMPNN_T0.1_sample12,D,342,92.633,0.8944,True,True,True,19.8
D022_IS621_ProtMPNN_T0.1_sample27,D,342,91.623,0.8877,True,True,True,19.8
D023_IS621_ProtMPNN_T0.1_sample8,D,342,92.170,0.8949,True,True,True,19.8
D024_IS621_ProtMPNN_T0.1_sample15,D,342,92.279,0.8956,True,True,True,19.8
D025_IS621_ProtMPNN_T0.1_sample19,D,342,91.797,0.8836,True,True,True,19.8
D026_IS621_ProtMPNN_T0.1_sample4,D,342,91.616,0.8904,True,True,True,19.8
D027_IS621_ProtMPNN_T0.1_sample16,D,342,92.338,0.8869,True,True,True,19.8
D028_IS621_ProtMPNN_T0.1_sample1,D,342,91.551,0.8855,True,True,True,19.8
D029_IS621_ProtMPNN_T0.1_sample29,D,342,91.586,0.8831,True,True,True,19.8
D030_IS621_ProtMPNN_T0.1_sample7,D,342,91.953,0.8858,True,True,True,19.8
